index,location,continent,total_cases,total_cases_per_million,total_deaths,total_deaths_per_million,people_vaccinated,people_fully_vaccinated,total_boosters,people_vaccinated_per_hundred,people_fully_vaccinated_per_hundred,total_boosters_per_hundred,population,population_density,median_age,aged_65_older,aged_70_older,gdp_per_capita,life_expectancy,human_development_index
0,Algeria,Africa,271945,6056.246,6881,153.241,7840131,6481186,575651,17.46,14.43,1.28,44903228,17.348,29.1,6.211,3.857,13913.839,76.88,0.748
1,Angola,Africa,105976,2977.774,1936,54.399,16490814,9574047,2985931,46.34,26.9,8.39,35588996,23.89,16.8,2.405,1.362,5819.495,61.15,0.581
2,Benin,Africa,28036,2099.624,163,12.207,3697190,2742837,NaN,27.69,20.54,NaN,13352864,99.11,18.8,3.244,1.942,2064.236,61.77,0.545
3,Botswana,Africa,330321,125583.013,2800,1064.517,1951054,1663490,507654,74.18,63.24,19.3,2630300,4.044,25.8,3.941,2.242,15807.374,69.59,0.735
4,Burkina Faso,Africa,22056,972.754,396,17.465,6089089,5232347,4056,26.86,23.08,0.02,22673764,70.151,17.6,2.409,1.358,1703.102,61.58,0.452
5,Burundi,Africa,54366,4217.825,15,1.164,36909,36321,314,0.29,0.28,0,12889583,423.062,17.5,2.562,1.504,702.225,61.58,0.433
6,Cameroon,Africa,125090,4481.177,1974,70.716,3753733,3197286,803560,13.45,11.45,2.88,27914542,50.885,18.8,3.165,1.919,3364.926,59.29,0.563
7,Cape Verde,Africa,64470,108688.689,416,701.326,356734,308720,749,60.14,52.05,0.13,593162,135.58,25.7,4.46,3.437,6222.554,72.98,0.665
8,Central African Republic,Africa,15367,2754.363,113,20.254,2600389,2484985,366221,46.61,44.54,6.56,5579148,7.479,18.3,3.655,2.251,661.24,53.28,0.397
9,Chad,Africa,7698,434.343,194,10.946,6254729,6127422,4042573,35.29,34.57,22.81,17723312,11.833,16.7,2.486,1.446,1768.153,54.24,0.398
10,Comoros,Africa,9109,10885.737,161,192.404,438825,397080,NaN,52.44,47.45,NaN,836783,437.352,20.4,2.963,1.726,1413.89,64.32,0.554
11,Congo,Africa,25196,4220.132,389,65.154,695760,654119,NaN,11.65,10.96,NaN,5970430,15.405,19,3.402,2.063,4881.406,64.57,0.574
12,Cote d'Ivoire,Africa,88338,3136.942,835,29.651,13568372,12164304,3138712,48.18,43.2,11.15,28160548,76.399,18.7,2.933,1.582,3601.006,57.78,0.538
13,Democratic Republic of Congo,Africa,99181,1001.725,1468,14.827,17045721,14399520,NaN,17.22,14.54,NaN,99010216,35.879,17,3.02,1.745,808.133,60.68,0.48
14,Djibouti,Africa,15690,13998.292,189,168.622,421573,401208,NaN,37.61,35.79,NaN,1120851,41.285,25.4,4.213,2.38,2705.406,67.11,0.524
15,Egypt,Africa,516023,4649.271,24830,223.714,56907319,42337175,15217352,51.27,38.15,13.71,110990096,97.999,25.3,5.159,2.891,10550.206,71.99,0.707
16,Equatorial Guinea,Africa,17130,10227.379,183,109.259,270109,214032,4597,16.13,12.78,0.27,1674916,45.194,22.4,2.846,1.752,22604.873,58.74,0.592
17,Eritrea,Africa,10189,2765.713,103,27.958,NaN,NaN,NaN,NaN,NaN,NaN,3684041,44.304,19.3,3.607,2.171,1510.459,66.32,0.459
18,Eswatini,Africa,75094,62490.846,1427,1187.504,526050,427335,179450,43.78,35.56,14.93,1201680,79.492,21.5,3.163,1.845,7738.975,60.19,0.611
19,Ethiopia,Africa,501060,4061.114,7574,61.388,52489512,43653006,5978070,42.54,35.38,4.85,123379928,104.957,19.8,3.526,2.063,1729.927,66.6,0.485
20,Gabon,Africa,48992,20507.351,307,128.506,311244,257471,2592,13.03,10.78,0.11,2388997,7.859,23.1,4.45,2.976,16562.413,66.47,0.703
21,Gambia,Africa,12626,4665.936,372,137.473,674314,539186,53741,24.92,19.93,1.99,2705995,207.566,17.5,2.339,1.417,1561.767,62.05,0.496
22,Ghana,Africa,171653,5127.664,1462,43.673,13864186,10780003,4806017,41.42,32.2,14.36,33475870,126.719,21.1,3.385,1.948,4227.63,64.07,0.611
23,Guinea,Africa,38563,2782.454,468,33.768,8715641,5853990,425378,62.89,42.24,3.07,13859349,51.755,19,3.135,1.733,1998.926,61.6,0.477
24,Guinea-Bissau,Africa,9614,4565.963,177,84.062,747057,547637,76359,35.48,26.01,3.63,2105580,66.191,19.4,3.002,1.565,1548.675,58.32,0.48
25,Kenya,Africa,344070,6368.425,5689,105.298,14494372,11090440,2000636,26.83,20.53,3.7,54027484,87.324,20,2.686,1.528,2993.028,66.7,0.601
26,Lesotho,Africa,35836,15541.502,709,307.482,1014073,938088,177816,43.98,40.68,7.71,2305826,73.562,22.2,4.506,2.647,2851.153,54.33,0.527
27,Liberia,Africa,8090,1525.641,294,55.444,3903802,3730967,1987,73.62,70.36,0.04,5302690,49.127,19.2,3.057,1.756,752.788,64.1,0.48
28,Libya,Africa,507269,74463.21,6437,944.902,2316327,1236102,186729,34,18.15,2.74,6812344,3.623,29,4.424,2.816,17881.509,72.91,0.724
29,Madagascar,Africa,68354,2308.343,1425,48.123,2710365,2628849,169187,9.15,8.88,0.57,29611718,43.951,19.6,2.929,1.686,1416.44,67.04,0.528
30,Malawi,Africa,88986,4360.922,2686,131.632,5433538,4288014,1232829,26.63,21.01,6.04,20405318,197.519,18.1,2.979,1.783,1095.042,64.26,0.483
31,Mali,Africa,33159,1467.628,743,32.885,4354292,3633589,NaN,19.27,16.08,NaN,22593598,15.196,16.4,2.519,1.486,2014.306,59.31,0.434
32,Mauritania,Africa,63774,13465.379,997,210.509,2103721,1540533,383885,44.42,32.53,8.11,4736146,4.289,20.3,3.138,1.792,3597.633,64.92,0.546
33,Mauritius,Africa,309983,238544.246,1054,811.095,1123773,1088142,654507,86.48,83.74,50.37,1299478,622.962,37.4,10.945,5.884,20292.745,74.99,0.804
34,Mayotte,Africa,42027,128872.507,187,573.421,NaN,NaN,NaN,NaN,NaN,NaN,326113,NaN,20.1,NaN,2.411,NaN,79.46,NaN
35,Morocco,Africa,1277342,34100.668,16297,435.074,25020168,23521989,6884356,66.8,62.8,18.38,37457976,80.08,29.6,6.769,4.209,7485.013,76.68,0.686
36,Mozambique,Africa,233654,7086.97,2249,68.215,22869646,21329745,2323562,69.37,64.7,7.05,32969520,37.728,17.7,3.158,1.87,1136.103,60.85,0.456
37,Namibia,Africa,172123,67051.574,4100,1597.18,629680,550879,298560,24.53,21.46,11.63,2567024,3.078,22,3.552,2.085,9541.808,63.71,0.646
38,Niger,Africa,9515,363.057,315,12.019,6248483,5483001,NaN,23.84,20.92,NaN,26207982,16.955,15.1,2.553,1.378,926,62.42,0.394
39,Nigeria,Africa,267146,1222.406,3155,14.437,93176851,80645277,16647746,42.64,36.9,7.62,218541216,209.588,18.1,2.751,1.447,5338.454,54.69,0.539
40,Reunion,Africa,494595,507765.419,921,945.525,NaN,NaN,NaN,NaN,NaN,NaN,974062,NaN,36,NaN,6.841,NaN,80.48,NaN
41,Rwanda,Africa,133194,9668.061,1468,106.557,10884714,10399665,5879013,79.01,75.49,42.67,13776702,494.869,20.3,2.974,1.642,1854.211,69.02,0.543
42,Saint Helena,Africa,2166,401036.845,NaN,NaN,4361,3531,NaN,80.74,65.38,NaN,5401,NaN,NaN,NaN,NaN,NaN,80.56,NaN
43,Sao Tome and Principe,Africa,6601,29029.038,80,351.814,140256,111986,34624,61.68,49.25,15.23,227393,212.841,18.7,2.886,2.162,3052.714,70.39,0.625
44,Senegal,Africa,89022,5140.891,1971,113.822,2684696,1503332,815965,15.5,8.68,4.71,17316452,82.328,18.7,3.008,1.796,2470.58,67.94,0.512
45,Seychelles,Africa,50937,475446.866,172,1605.451,88520,83565,44936,82.62,78,41.94,107135,208.354,36.2,8.606,5.586,26382.287,73.4,0.796
46,Sierra Leone,Africa,7766,902.423,126,14.641,5676123,4961886,1201709,65.96,57.66,13.96,8605723,104.7,19.1,2.538,1.285,1390.3,54.7,0.452
47,Somalia,Africa,27334,1553.288,1361,77.34,8972167,7666835,28134,50.99,43.57,0.16,17597508,23.5,16.8,2.731,1.496,NaN,57.4,NaN
48,South Africa,Africa,4072533,67995.807,102595,1712.946,24210953,21038797,4410601,40.42,35.13,7.36,59893884,46.754,27.3,5.344,3.053,12294.876,64.13,0.709
49,South Sudan,Africa,18368,1683.104,138,12.645,4315127,4273253,513122,39.54,39.16,4.7,10913172,NaN,19.2,3.441,2.032,1569.888,57.85,0.433
50,Sudan,Africa,63993,1365.207,5046,107.65,15207452,13416394,3891363,32.44,28.62,8.3,46874200,23.258,19.7,3.548,2.034,4466.507,65.31,0.51
51,Tanzania,Africa,43078,657.702,846,12.916,34434933,32165791,7171363,52.57,49.11,10.95,65497752,64.699,17.7,3.108,1.874,2683.304,65.46,0.529
52,Togo,Africa,39524,4466.645,290,32.773,2251640,1554066,427804,25.45,17.56,4.83,8848700,143.366,19.4,2.839,1.525,1429.813,61.04,0.515
53,Tunisia,Africa,1153361,93343.329,29423,2381.25,7218871,6401841,1258577,58.42,51.81,10.19,12356116,74.228,32.7,8.001,5.075,10849.297,76.7,0.74
54,Uganda,Africa,171871,3637.513,3632,76.868,20033189,13061126,764664,42.4,27.64,1.62,47249588,213.759,16.4,2.168,1.308,1697.707,63.37,0.544
55,Western Sahara,Africa,NaN,NaN,NaN,NaN,NaN,NaN,NaN,NaN,NaN,NaN,576005,NaN,28.4,NaN,1.38,NaN,70.26,NaN
56,Zambia,Africa,349287,17448.934,4069,203.27,11711565,9213802,33684,58.51,46.03,0.17,20017670,22.995,17.7,2.48,1.542,3689.251,63.89,0.584
57,Zimbabwe,Africa,265821,16287.514,5720,350.479,6437808,4751270,1033676,39.45,29.11,6.33,16320539,42.729,19.6,2.822,1.882,1899.775,61.49,0.571
58,Afghanistan,Asia,227454,5530.289,7953,193.368,18538266,17757002,2481042,45.07,43.17,6.03,41128772,54.422,18.6,2.581,1.337,1803.987,64.83,0.511
59,Armenia,Asia,450570,162048.026,8765,3152.342,1150915,1030758,81354,41.39,37.07,2.93,2780472,102.931,35.7,11.232,7.571,8787.58,75.09,0.776
60,Azerbaijan,Asia,833955,80512.524,10353,999.51,5373253,4862494,3362453,51.88,46.94,32.46,10358078,119.309,32.4,6.018,3.871,15847.419,73,0.756
61,Bahrain,Asia,696614,473167.024,1536,1043.31,1241174,1226796,1008663,84.31,83.33,68.51,1472237,1935.907,32.4,2.372,1.387,43290.705,77.29,0.852
62,Bangladesh,Asia,2045923,11951.436,29477,172.192,151504403,142193280,68558519,88.5,83.06,40.05,171186368,1265.036,27.5,5.098,3.262,3523.984,72.59,0.632
63,Bhutan,Asia,62697,80128.365,21,26.839,699116,677669,634641,89.35,86.61,81.11,782457,21.188,28.6,4.885,2.977,8708.597,71.78,0.654
64,Brunei,Asia,312524,696041.443,163,363.027,451149,446714,340466,NaN,99.49,75.83,449002,81.347,32.4,4.591,2.382,71809.251,75.86,0.838
65,Cambodia,Asia,138943,8286.274,3056,182.254,15307310,14683075,10746738,91.29,87.57,64.09,16767851,90.672,25.6,4.412,2.385,3645.07,69.82,0.594
66,China,Asia,99317967,69653.445,121764,85.395,1310292000,1276760000,826913000,91.89,89.54,57.99,1425887360,147.674,38.7,10.641,5.929,15308.712,76.91,0.761
67,Georgia,Asia,1855289,495485.64,17132,4575.384,1654504,1276173,80818,44.19,34.08,2.16,3744385,65.032,38.7,14.864,10.244,9745.079,73.77,0.812
68,Hong Kong,Asia,NaN,NaN,NaN,NaN,6917355,6801365,7128474,92.37,90.82,95.19,7488863,7039.714,44.8,16.303,10.158,56054.92,84.86,0.949
69,India,Asia,45001245,31754.233,533293,376.308,1027419449,951986379,227342401,72.5,67.18,16.04,1417173120,450.419,28.2,5.989,3.414,6426.674,69.66,0.645
70,Indonesia,Asia,6813429,24731.019,161918,587.721,203877425,174958797,69356250,74,63.51,25.17,275501344,145.725,29.3,5.319,3.053,11188.744,71.72,0.718
71,Iran,Asia,7622127,86076.546,146580,1655.325,65194977,58582625,28576234,73.62,66.16,32.27,88550568,49.831,32.4,5.44,3.182,19082.62,76.68,0.783
72,Iraq,Asia,2465545,55410.332,25375,570.274,11332925,7944775,275280,25.47,17.85,0.62,44496124,88.125,20,3.186,1.957,15663.986,70.6,0.674
73,Israel,Asia,4840714,512299.079,12697,1343.74,6723119,6159825,5766304,71.15,65.19,61.03,9449000,402.606,30.6,11.733,7.359,33132.32,82.97,0.919
74,Japan,Asia,33803572,272715.688,74694,602.606,104705133,103380343,175662262,84.47,83.4,141.72,123951696,347.778,48.2,27.049,18.493,39002.223,84.63,0.919
75,Jordan,Asia,1746997,154794.998,14122,1251.299,4821579,4558313,682211,42.72,40.39,6.04,11285875,109.285,23.2,3.81,2.361,8337.49,74.53,0.729
76,Kazakhstan,Asia,1502857,77474.851,19072,983.194,10858101,10629063,2514071,55.98,54.79,12.96,19397998,6.681,30.6,6.991,4.625,24055.588,73.6,0.825
77,Kuwait,Asia,666486,156126.446,2570,602.031,3457471,3346144,1457544,80.99,78.38,34.14,4268886,232.128,33.7,2.345,1.114,65530.537,75.49,0.806
78,Kyrgyzstan,Asia,88908,13408.699,1024,154.435,1736541,1406016,NaN,26.19,21.2,NaN,6630621,32.333,26.3,4.489,2.882,3393.474,71.45,0.697
79,Laos,Asia,218891,29071.209,671,89.116,5888649,5222417,NaN,78.21,69.36,NaN,7529477,29.715,24.4,4.029,2.322,6397.36,67.92,0.613
80,Lebanon,Asia,1239904,225858.255,10947,1994.082,2740227,2414223,660249,49.92,43.98,12.03,5489744,594.561,31.1,8.514,5.43,13367.565,78.93,0.744
81,Macao,Asia,NaN,NaN,NaN,NaN,679703,642266,481016,97.77,92.39,69.19,695180,20546.766,39.2,9.798,4.991,104861.851,84.24,NaN
82,Malaysia,Asia,5131899,151212.987,37202,1096.168,28140965,27554050,17176562,82.92,81.19,50.61,33938216,96.254,29.9,6.293,3.407,26808.164,76.16,0.81
83,Maldives,Asia,186694,356423.66,316,603.286,399308,385167,167289,76.23,73.53,31.94,523798,1454.433,30.6,4.12,2.875,15183.616,78.92,0.74
84,Mongolia,Asia,1011224,297561.215,2284,672.086,2272965,2175617,1044337,66.88,64.02,30.73,3398373,1.98,28.6,4.031,2.421,11840.846,69.87,0.737
85,Myanmar,Asia,641341,11837.378,19494,359.805,41551927,35937796,15987381,76.69,66.33,29.51,54179312,81.721,29.1,5.732,3.12,5591.597,67.13,0.583
86,Nepal,Asia,1003450,32848.749,12031,393.845,27882327,24469977,10256291,91.28,80.1,33.57,30547586,204.43,25,5.809,3.212,2442.804,70.78,0.602
87,North Korea,Asia,NaN,NaN,NaN,NaN,NaN,NaN,NaN,NaN,NaN,NaN,26069416,211.701,35.3,9.491,6.139,NaN,72.27,NaN
88,Northern Cyprus,Asia,NaN,NaN,NaN,NaN,301673,313067,80243,78.8,81.78,20.96,382836,NaN,NaN,NaN,NaN,NaN,NaN,NaN
89,Oman,Asia,399449,87286.454,4628,1011.297,3257365,3048826,779859,71.18,66.62,17.04,4576300,14.98,30.7,2.355,1.53,37960.709,77.86,0.813
90,Pakistan,Asia,1580631,6702.563,30656,129.995,165567890,140475871,53080243,70.21,59.57,22.51,235824864,255.573,23.5,4.495,2.78,5034.708,67.27,0.557
91,Palestine,Asia,703228,133946.251,5708,1087.222,2012767,1776973,336967,38.34,33.85,6.42,5250076,778.202,20.4,3.043,1.726,4449.898,74.05,0.708
92,Philippines,Asia,4173631,36116.882,66714,577.315,82684774,78443972,23811248,71.55,67.88,20.61,115559008,351.873,25.2,4.803,2.661,7599.188,71.23,0.718
93,Qatar,Asia,514524,190908.716,690,256.017,2852178,2852178,1904822,NaN,NaN,70.68,2695131,227.322,31.9,1.307,0.617,116935.6,80.23,0.848
94,Saudi Arabia,Asia,841469,23111.678,9646,264.936,27041364,25433941,10793985,74.27,69.86,29.65,36408824,15.322,31.9,3.295,1.845,49045.411,75.13,0.854
95,Singapore,Asia,2641196,468544.561,1872,332.09,5160551,5120969,4440289,91.55,90.85,78.77,5637022,7915.731,42.4,12.922,7.049,85535.383,83.62,0.938
96,South Korea,Asia,34571873,667207.062,35934,693.495,44784499,44372679,41325954,86.43,85.64,79.76,51815808,527.967,43.4,13.914,8.622,35938.374,83.03,0.916
97,Sri Lanka,Asia,672598,30807.685,16883,773.309,17143761,14752827,8220002,78.53,67.57,37.65,21832150,341.955,34.1,10.069,5.331,11669.077,76.98,0.782
98,Syria,Asia,57423,2595.361,3163,142.959,3295630,2358365,75881,14.9,10.66,0.34,22125242,NaN,21.7,NaN,2.577,NaN,72.7,0.567
99,Taiwan,Asia,NaN,NaN,NaN,NaN,21899240,20793089,25466659,91.65,87.02,106.58,23893396,NaN,42.2,NaN,8.353,NaN,80.46,NaN
100,Tajikistan,Asia,17786,1787.037,125,12.559,5328277,5191919,5280117,53.54,52.17,53.05,9952789,64.281,23.3,3.466,2.155,2896.913,71.1,0.668
101,Thailand,Asia,4758125,66364.331,34487,481.01,57005497,53486086,32143431,79.51,74.6,44.83,71697024,135.132,40.1,11.373,6.89,16277.671,77.15,0.777
102,Timor,Asia,23460,17490.52,138,102.885,886195,801019,338087,66.07,59.72,25.21,1341298,87.176,18,3.556,1.897,6570.102,69.5,0.606
103,Turkey,Asia,17004677,199255.078,101419,1188.394,57941051,53176961,41425329,67.89,62.31,48.54,85341248,104.914,31.6,8.153,5.061,25129.341,77.69,0.82
104,Turkmenistan,Asia,NaN,NaN,NaN,NaN,4614869,4568901,3816400,71.76,71.05,59.35,6430777,12.253,26.9,4.277,2.541,16389.023,68.19,0.715
105,United Arab Emirates,Asia,1067030,113019.214,2349,248.805,9991089,9792266,5138699,NaN,NaN,54.43,9441138,112.442,34,1.144,0.526,67293.483,77.97,0.89
106,Uzbekistan,Asia,174575,5041.492,1016,29.341,22087857,18445168,16251340,63.79,53.27,46.93,34627648,76.134,28.2,4.469,2.873,6253.104,71.72,0.72
107,Vietnam,Asia,11624000,118386.518,43206,440.039,90272853,85961564,57975220,91.94,87.55,59.05,98186856,308.127,32.6,7.15,4.718,6171.884,75.4,0.704
108,Yemen,Asia,11945,354.487,2159,64.072,1041596,798451,66565,3.09,2.37,0.2,33696612,53.508,20.3,2.922,1.583,1479.147,66.12,0.47
109,Albania,Europe,334090,117541.387,3604,1267.979,1349255,1279333,402371,47.47,45.01,14.16,2842318,104.871,38,13.188,8.643,11803.431,78.57,0.795
110,Andorra,Europe,48015,601367.684,159,1991.408,57913,53501,43071,72.53,67.01,53.94,79843,163.755,NaN,NaN,NaN,NaN,83.73,0.868
111,Austria,Europe,6081287,680262.588,22534,2520.69,6899873,6683263,5405966,77.18,74.76,60.47,8939617,106.749,44.4,19.202,13.748,45436.686,81.54,0.922
112,Belarus,Europe,994037,104251.871,7118,746.516,6440777,6356035,5720777,67.55,66.66,60,9534956,46.858,40.3,14.799,9.788,17167.967,74.79,0.823
113,Belgium,Europe,4817196,413283.101,34339,2946.056,9267479,9169717,11699571,79.51,78.67,100.37,11655923,375.564,41.8,18.571,12.849,42658.576,81.63,0.931
114,Bosnia and Herzegovina,Europe,403266,124713.858,16362,5060.105,943394,846080,120530,29.18,26.17,3.73,3233530,68.496,42.5,16.569,10.711,11713.895,77.4,0.78
115,Bulgaria,Europe,1307688,192818.737,38456,5670.341,2108544,2077971,768430,31.09,30.64,11.33,6781955,65.18,44.7,20.801,13.272,18563.307,75.05,0.816
116,Croatia,Europe,1276216,316650.543,18414,4568.822,2322639,2251766,594785,57.63,55.87,14.76,4030361,73.726,44,19.724,13.053,22669.797,78.49,0.851
117,Cyprus,Europe,660854,737554.506,1364,1522.31,671193,646142,481275,74.91,72.11,53.71,896007,127.657,37.3,13.416,8.563,32415.132,80.98,0.887
118,Czechia,Europe,4665557,444593.239,42917,4089.674,6976659,6893366,5168005,66.48,65.69,49.25,10493990,137.176,43.3,19.027,11.58,32605.906,79.38,0.9
119,Denmark,Europe,3417017,580902.167,8824,1500.104,4752101,4716840,3621753,80.79,80.19,61.57,5882259,136.52,42.3,19.677,12.325,46682.515,80.9,0.94
120,England,Europe,NaN,NaN,NaN,NaN,45417090,42951064,68586690,80.31,75.95,121.29,56550000,NaN,NaN,NaN,NaN,NaN,NaN,NaN
121,Estonia,Europe,602478,454335.537,2902,2188.431,869484,861851,605672,65.57,64.99,45.67,1326064,31.033,42.7,19.452,13.491,29481.252,78.74,0.892
122,Faeroe Islands,Europe,34658,652484.139,28,527.138,41715,40895,21284,78.53,76.99,40.07,53117,35.308,NaN,NaN,NaN,NaN,80.67,NaN
123,Finland,Europe,1489281,268787.14,10280,1855.346,4524249,4347780,4343609,81.65,78.47,78.39,5540745,18.136,42.8,21.228,13.264,40585.721,81.91,0.938
124,France,Europe,38997490,603427.621,167985,2599.316,54677678,53192478,47705542,80.63,78.44,70.35,67813000,122.578,42,19.718,13.079,38605.671,82.66,0.901
125,Germany,Europe,38437756,461051.095,174979,2098.829,64876299,63563414,64791434,77.82,76.24,77.72,83369840,237.016,46.6,21.453,15.957,45229.245,81.33,0.947
126,Gibraltar,Europe,20550,628882.7,113,3458.09,42175,41465,49170,NaN,NaN,150.47,32677,3457.1,NaN,NaN,NaN,NaN,79.93,NaN
127,Greece,Europe,5443008,524123.512,37748,3634.868,7936512,7646664,7161777,76.42,73.63,68.96,10384972,83.479,45.3,20.396,14.524,24574.382,82.24,0.888
128,Guernsey,Europe,35326,557817.114,67,1057.967,54223,52710,69339,85.62,83.23,109.49,63329,NaN,NaN,NaN,NaN,NaN,NaN,NaN
129,Hungary,Europe,2207993,221523.594,48817,4897.714,6420813,6207249,4316982,64.42,62.28,43.31,9967304,108.043,43.4,18.577,11.976,26777.561,76.88,0.854
130,Iceland,Europe,209286,561234.423,186,498.789,309770,290193,250542,83.07,77.82,67.19,372903,3.404,37.3,14.431,9.207,46482.958,82.99,0.949
131,Ireland,Europe,1723615,343137.157,9281,1847.661,4108868,4063175,3194825,81.8,80.89,63.6,5023108,69.874,38.7,13.928,8.678,67335.293,82.3,0.955
132,Isle of Man,Europe,38008,449617.905,116,1372.229,69560,67106,53328,82.29,79.38,63.08,84534,147.872,NaN,NaN,NaN,NaN,81.4,NaN
133,Italy,Europe,26230177,444297.09,192406,3259.049,50934323,47949204,47762176,86.27,81.22,80.9,59037472,205.859,47.9,23.021,16.24,35220.084,83.51,0.892
134,Jersey,Europe,66391,599218.383,161,1453.121,84365,81882,73662,76.14,73.9,66.48,110796,NaN,NaN,NaN,NaN,NaN,NaN,NaN
135,Kosovo,Europe,274279,153906.454,3212,1802.353,906858,825082,105506,50.89,46.3,5.92,1782115,168.155,NaN,NaN,NaN,9795.834,NaN,NaN
136,Latvia,Europe,976428,527612.401,7388,3992.102,1346184,1305976,529562,72.74,70.57,28.61,1850654,31.212,43.9,19.754,14.136,25063.846,75.29,0.866
137,Liechtenstein,Europe,21507,546487.105,87,2210.647,26771,NaN,22087,68.02,NaN,56.12,39355,237.012,NaN,NaN,NaN,NaN,82.49,0.919
138,Lithuania,Europe,1338442,486695.917,9734,3539.562,1957583,1880749,946140,71.18,68.39,34.4,2750058,45.135,43.5,19.002,13.778,29524.265,75.93,0.882
139,Luxembourg,Europe,385445,595189.013,1000,1544.161,481957,462702,459119,74.42,71.45,70.9,647601,231.447,39.7,14.312,9.842,94277.965,82.25,0.916
140,Malta,Europe,120632,226202.107,883,1655.75,478814,471537,465020,89.78,88.42,87.2,533293,1454.037,42.4,19.426,11.324,36513.323,82.53,0.895
141,Moldova,Europe,625712,191174.255,12135,3707.616,1109270,1078813,404774,33.89,32.96,12.37,3272993,123.655,37.6,10.864,6.955,5189.972,71.9,0.75
142,Monaco,Europe,17090,468334.658,67,1836.069,28875,25667,10598,79.13,70.34,29.04,36491,19347.5,NaN,NaN,NaN,NaN,86.75,NaN
143,Montenegro,Europe,251280,400713.144,2654,4232.301,292783,284869,101519,46.69,45.43,16.19,627082,46.28,39.1,14.762,9.395,16409.288,76.88,0.829
144,Netherlands,Europe,8620051,490778.933,22986,1308.698,12596446,11782254,9429219,71.72,67.08,53.68,17564020,508.544,43.2,18.779,11.881,48472.545,82.28,0.944
145,North Macedonia,Europe,349618,166993.216,9949,4752.088,854570,838181,161633,40.82,40.04,7.72,2093606,82.6,39.1,13.26,8.16,13111.214,75.8,0.774
146,Northern Ireland,Europe,NaN,NaN,NaN,NaN,1430694,1361003,2234611,75.46,71.78,117.86,1896000,NaN,NaN,NaN,NaN,NaN,NaN,NaN
147,Norway,Europe,1489459,274083.584,5732,1054.777,4346995,4054726,3743839,79.99,74.61,68.89,5434324,14.462,39.7,16.821,10.813,64800.057,82.4,0.957
148,Poland,Europe,6529896,163832.511,119664,3002.322,22877416,22649313,15393435,57.4,56.83,38.62,39857144,124.027,41.8,16.763,10.202,27216.445,78.73,0.88
149,Portugal,Europe,5629824,548135.759,27630,2690.136,9791341,8906354,7056661,95.33,86.71,68.71,10270857,112.371,46.2,21.502,14.924,27936.896,82.05,0.864
150,Romania,Europe,3485792,177310.348,68455,3482.072,8188146,8114769,NaN,41.65,41.28,NaN,19659270,85.129,43,17.85,11.69,23313.199,76.05,0.828
151,Russia,Europe,23098734,159617.202,400195,2765.433,89081596,79702396,20829310,61.56,55.08,14.39,144713312,8.823,39.6,14.178,9.393,24765.954,72.58,0.824
152,San Marino,Europe,24760,734936.183,126,3739.982,26357,23633,19348,78.23,70.15,57.43,33690,556.667,NaN,NaN,NaN,56861.47,84.97,NaN
153,Scotland,Europe,NaN,NaN,NaN,NaN,4549556,4285946,3594835,83.23,78.41,65.77,5466000,NaN,NaN,NaN,NaN,NaN,NaN,NaN
154,Serbia,Europe,2567962,373709.443,18057,2627.793,3354075,3278198,1902412,48.81,47.71,27.69,6871547,80.291,41.2,17.366,NaN,14048.881,76,0.806
155,Slovakia,Europe,1868111,331022.574,21167,3750.717,2595901,2577827,684026,46,45.68,12.12,5643455,113.128,41.2,15.07,9.167,30155.152,77.54,0.86
156,Slovenia,Europe,1346628,635248.931,9467,4465.897,1265802,1222225,657967,59.71,57.66,31.04,2119843,102.619,44.5,19.062,12.93,31400.84,81.32,0.917
157,Spain,Europe,13980340,293960.095,121852,2562.143,41351234,40739123,26559282,86.95,85.66,55.85,47558632,93.105,45.5,19.436,13.799,34272.36,83.56,0.904
158,Sweden,Europe,2720686,257900.843,24998,2369.625,7775726,7593676,9836355,73.71,71.98,93.24,10549349,24.718,41,19.985,13.433,46949.283,82.8,0.945
159,Switzerland,Europe,4418749,505550.445,14079,1610.783,6096911,NaN,4885838,69.75,NaN,55.9,8740471,214.243,43.1,18.436,12.644,57410.166,83.78,0.955
160,Ukraine,Europe,5520483,139048.879,109918,2768.594,15774300,15153577,741197,39.73,38.17,1.87,39701744,77.39,41.4,16.462,11.133,7894.393,72.06,0.779
161,United Kingdom,Europe,24796408,367305.567,230974,3421.384,53813491,50762968,40373987,79.71,75.19,59.81,67508936,272.898,40.8,18.517,12.527,39753.244,81.32,0.932
162,Vatican,Europe,26,32178.218,NaN,NaN,NaN,NaN,NaN,NaN,NaN,NaN,808,NaN,NaN,NaN,NaN,NaN,75.12,NaN
163,Wales,Europe,NaN,NaN,NaN,NaN,2592226,2477109,4064651,81.77,78.14,128.22,3170000,NaN,NaN,NaN,NaN,NaN,NaN,NaN
164,Anguilla,North America,3904,245890.282,12,755.81,10854,10380,3309,68.36,65.38,20.84,15877,NaN,NaN,NaN,NaN,NaN,81.88,NaN
165,Antigua and Barbuda,North America,9106,97107.879,146,1556.968,64290,62384,9838,68.56,66.53,10.49,93772,231.845,32.1,6.933,4.631,21490.943,77.02,0.778
166,Aruba,North America,44224,415408.749,292,2742.84,90486,84344,NaN,85,79.23,NaN,106459,584.8,41.2,13.085,7.452,35973.781,76.29,NaN
167,Bahamas,North America,38084,92890.297,844,2058.592,174810,166972,36965,42.64,40.73,9.02,409989,39.497,34.3,8.996,5.2,27717.847,73.92,0.814
168,Barbados,North America,110091,390884.302,620,2201.345,163846,155036,62839,58.17,55.05,22.31,281646,664.463,39.8,14.952,9.473,16978.068,79.19,0.814
169,Belize,North America,71060,175333.407,688,1697.571,258473,221402,53198,63.78,54.63,13.13,405285,16.426,25,3.853,2.279,7824.362,74.62,0.716
170,Bermuda,North America,18860,293737.443,165,2569.813,48554,47657,35831,75.62,74.22,55.81,64207,1308.82,NaN,NaN,NaN,50669.315,82.59,NaN
171,Bonaire Sint Eustatius and Saba,North America,11922,440706.787,41,1515.6,19109,16736,NaN,70.64,61.87,NaN,27052,NaN,NaN,NaN,NaN,NaN,77.79,NaN
172,British Virgin Islands,North America,7305,233148.219,64,2042.64,19466,18261,3726,62.13,58.28,11.89,31332,207.973,NaN,NaN,NaN,NaN,79.07,NaN
173,Canada,North America,4716205,122644.322,53297,1385.982,34763194,31762130,30431178,90.4,82.6,79.14,38454328,4.037,41.4,16.984,10.797,44017.591,82.43,0.929
174,Cayman Islands,North America,31472,457961.061,37,538.401,62085,60664,24064,90.34,88.27,35.02,68722,256.496,NaN,NaN,NaN,49903.029,83.92,NaN
175,Costa Rica,North America,1238884,239128.202,9428,1819.784,4641899,4358863,2957974,89.6,84.13,57.09,5180836,96.079,33.6,9.468,5.694,15524.995,80.28,0.81
176,Cuba,North America,1115103,99454.451,8530,760.779,10768788,10031911,8772388,96.05,89.47,78.24,11212198,110.408,43.1,14.738,9.719,NaN,78.8,0.783
177,Curacao,North America,45883,240007.742,305,1595.414,108601,100885,49213,56.81,52.77,25.74,191173,362.644,41.7,16.367,10.068,NaN,78.88,NaN
178,Dominica,North America,15798,217130.762,74,1017.07,32995,30659,3993,45.35,42.14,5.49,72758,98.567,NaN,NaN,NaN,9673.367,75,0.742
179,Dominican Republic,North America,667074,59407.306,4384,390.424,7352139,6114473,2566612,65.48,54.45,22.86,11228821,222.873,27.6,6.981,4.419,14600.861,74.08,0.756
180,El Salvador,North America,201809,31849.192,4230,667.572,4652597,4344286,2292292,73.43,68.56,36.18,6336393,307.811,27.6,8.273,5.417,7292.458,73.32,0.673
181,Greenland,North America,11971,211898.609,21,371.721,41227,38511,NaN,72.98,68.17,NaN,56494,0.137,NaN,NaN,NaN,NaN,71.7,NaN
182,Grenada,North America,19693,156967.615,238,1897.034,44241,39034,7411,35.26,31.11,5.91,125459,317.132,29.4,7.304,5.021,13593.877,72.4,0.779
183,Guadeloupe,North America,203235,513528.333,1021,2579.833,NaN,NaN,NaN,NaN,NaN,NaN,395762,NaN,43.4,NaN,NaN,NaN,82.14,NaN
184,Guatemala,North America,1271070,71232.69,20235,1134,8933623,7126305,4302176,50.07,39.94,24.11,17843914,157.834,22.9,4.694,3.016,7423.808,74.3,0.663
185,Haiti,North America,34427,2971.687,860,74.234,521396,350403,NaN,4.5,3.02,NaN,11585003,398.448,24.3,4.8,2.954,1653.173,64,0.51
186,Honduras,North America,474590,45489.932,11127,1066.534,6596213,5853689,4665196,63.23,56.11,44.72,10432858,82.805,24.9,4.652,2.883,4541.795,75.27,0.634
187,Jamaica,North America,156463,55338.472,3610,1276.8,859773,760132,46065,30.41,26.88,1.63,2827382,266.879,31.4,9.684,6.39,8193.571,74.47,0.734
188,Martinique,North America,230354,626793.139,1104,3003.984,NaN,NaN,NaN,NaN,NaN,NaN,367512,NaN,45.7,NaN,12.543,NaN,82.54,NaN
189,Mexico,North America,7692809,60333.807,334740,2625.327,97179493,81849962,57026630,76.22,64.19,44.73,127504120,66.444,29.3,6.857,4.321,17336.469,75.05,0.779
190,Montserrat,North America,1403,317924.315,8,1812.826,2104,1952,563,47.68,44.23,12.76,4413,NaN,NaN,NaN,NaN,NaN,74.16,NaN
191,Nicaragua,North America,16058,2311.037,245,35.26,6404524,6117158,2892531,92.17,88.04,41.63,6948395,51.667,27.3,5.445,3.519,5321.444,74.48,0.66
192,Panama,North America,1047727,237656.235,8658,1963.897,3533477,3174155,2033783,80.15,72,46.13,4408582,55.133,29.7,7.918,5.03,22267.037,78.51,0.815
193,Puerto Rico,North America,1252713,385164.303,5938,1825.722,NaN,NaN,NaN,NaN,NaN,NaN,3252412,376.232,38.2,15.168,9.829,35044.67,80.1,NaN
194,Saint Barthelemy,North America,5507,500909.587,5,454.794,NaN,NaN,NaN,NaN,NaN,NaN,10994,NaN,NaN,NaN,NaN,NaN,NaN,NaN
195,Saint Kitts and Nevis,North America,6607,138566.725,46,964.745,33794,27000,3503,70.88,56.63,7.35,47681,212.865,NaN,NaN,NaN,24654.385,76.23,0.779
196,Saint Lucia,North America,30150,167619.196,410,2279.399,60140,54971,7866,33.43,30.56,4.37,179872,293.187,34.9,9.721,6.405,12951.839,76.2,0.759
197,Saint Martin (French part),North America,12324,387352.276,46,1445.813,NaN,NaN,NaN,NaN,NaN,NaN,31816,590.533,NaN,NaN,NaN,NaN,82.08,NaN
198,Saint Pierre and Miquelon,North America,3426,582158.029,2,339.847,NaN,NaN,NaN,NaN,NaN,NaN,5885,NaN,NaN,NaN,NaN,NaN,81.07,NaN
199,Saint Vincent and the Grenadines,North America,9644,92767.341,124,1192.778,37532,31632,4279,36.1,30.43,4.12,103959,281.787,31.8,7.724,4.832,10727.146,72.53,0.738
200,Sint Maarten (Dutch part),North America,11051,250067.886,92,2081.825,29788,26773,9146,67.41,60.58,20.7,44192,1209.088,NaN,NaN,NaN,36327.232,78.95,NaN
201,Trinidad and Tobago,North America,191496,125075.52,4390,2867.326,753588,716898,168619,49.22,46.82,11.01,1531043,266.886,36.2,10.014,5.819,28763.071,73.51,0.796
202,Turks and Caicos Islands,North America,6657,145584.569,40,874.776,32815,30710,7443,71.76,67.16,16.28,45726,37.312,NaN,NaN,NaN,NaN,80.22,NaN
203,United States,North America,103436829,305763.91,1138309,3364.893,270227181,230637348,133062763,81.39,69.47,40.08,338289856,35.608,38.3,15.413,9.732,54225.446,78.86,0.926
204,United States Virgin Islands,North America,25389,255219.695,132,1326.913,NaN,NaN,NaN,NaN,NaN,NaN,99479,306.48,42.2,18.601,10.799,NaN,80.58,NaN
205,American Samoa,Oceania,8359,188712.044,34,767.581,NaN,NaN,NaN,NaN,NaN,NaN,44295,278.205,NaN,NaN,NaN,NaN,73.74,NaN
206,Australia,Oceania,11629977,444275.312,23289,889.66,22231907,21648824,19790466,84.93,82.7,75.6,26177410,3.202,37.9,15.504,10.129,44648.71,83.44,0.944
207,Cook Islands,Oceania,7168,420854.861,2,117.426,15112,14728,10240,88.73,86.47,60.12,17032,NaN,NaN,NaN,NaN,NaN,76.25,NaN
208,Fiji,Oceania,69047,74262.532,885,951.849,712025,641194,172046,76.58,68.96,18.5,929769,49.562,28.6,6.224,3.284,8702.975,67.44,0.743
209,French Polynesia,Oceania,78649,256777.846,649,2118.893,190908,186803,112237,62.33,60.99,36.64,306292,77.324,32.7,7.775,4.593,NaN,77.66,NaN
210,Guam,Oceania,52060,303056.763,417,2427.481,NaN,NaN,NaN,NaN,NaN,NaN,171783,304.128,31.4,9.551,5.493,NaN,80.07,NaN
211,Kiribati,Oceania,5085,38746.695,24,182.875,100900,81474,37606,76.88,62.08,28.66,131237,143.701,23.2,3.895,2.21,1981.132,68.37,0.63
212,Marshall Islands,Oceania,16138,387997.98,17,408.723,NaN,NaN,NaN,NaN,NaN,NaN,41593,295.15,NaN,NaN,NaN,3819.202,73.7,0.704
213,Micronesia (country),Oceania,26547,232505.386,65,569.287,NaN,NaN,NaN,NaN,NaN,NaN,114178,150.777,23,4.81,2.392,3299.464,67.88,0.62
214,Nauru,Oceania,5393,424946.813,1,78.796,13106,11346,7705,NaN,89.4,60.71,12691,682.45,NaN,NaN,NaN,12895.635,59.96,NaN
215,New Caledonia,Oceania,80064,276121.797,314,1082.912,192375,184816,103511,66.35,63.74,35.7,289959,15.342,33.4,9.954,6.489,NaN,77.55,NaN
216,New Zealand,Oceania,2397437,462353.593,3416,658.787,4301605,4182631,3568079,82.96,80.66,68.81,5185289,18.206,37.9,15.322,9.72,36085.843,82.29,0.931
217,Niue,Oceania,887,454405.738,NaN,NaN,1638,1635,1225,83.91,83.76,62.76,1952,NaN,NaN,NaN,NaN,NaN,73.71,NaN
218,Northern Mariana Islands,Oceania,14313,288719.893,41,827.046,NaN,NaN,NaN,NaN,NaN,NaN,49574,119.878,NaN,NaN,NaN,NaN,76.74,NaN
219,Palau,Oceania,6246,345388.188,9,497.678,NaN,NaN,NaN,NaN,NaN,NaN,18084,47.237,NaN,NaN,NaN,13240.405,73.7,0.826
220,Papua New Guinea,Oceania,46864,4620.5,670,66.058,382020,321192,34483,3.77,3.17,0.34,10142625,18.22,22.6,3.808,2.142,3823.194,64.5,0.555
221,Pitcairn,Oceania,4,85106.383,NaN,NaN,47,47,23,100,100,48.94,47,NaN,NaN,NaN,NaN,NaN,NaN,NaN
222,Samoa,Oceania,16778,75444.04,31,139.395,191403,177954,82268,86.07,80.02,36.99,222390,69.413,22,5.606,3.564,6021.557,73.32,0.715
223,Solomon Islands,Oceania,25954,35834.604,199,274.759,343821,254352,27783,47.47,35.12,3.84,724272,21.841,20.8,3.507,2.043,2205.923,73,0.567
224,Tokelau,Oceania,80,42260.961,NaN,NaN,2203,2203,968,NaN,NaN,51.14,1893,NaN,NaN,NaN,NaN,NaN,81.86,NaN
225,Tonga,Oceania,16860,157766.195,12,112.289,87342,77360,38506,81.73,72.39,36.03,106867,150.028,22.3,5.82,4.032,5425.621,70.91,0.725
226,Tuvalu,Oceania,2943,259638.288,1,88.222,9763,9505,5745,86.13,83.86,50.68,11335,373.067,NaN,NaN,NaN,3575.104,67.57,NaN
227,Vanuatu,Oceania,12019,36784.149,14,42.847,176624,162250,27697,54.06,49.66,8.48,326744,22.662,23.1,4.394,2.62,2921.909,70.47,0.609
228,Wallis and Futuna,Oceania,3550,306140.048,8,689.893,7150,6803,3766,61.66,58.67,32.48,11596,NaN,NaN,NaN,NaN,NaN,79.94,NaN
229,Argentina,South America,10054576,220929.563,130472,2866.866,41516185,34898833,37294575,91.22,76.68,81.95,45510324,16.177,31.9,11.198,7.441,18933.907,76.67,0.845
230,Bolivia,South America,1209431,98938.132,22404,1832.771,7361008,6160585,2167589,60.22,50.4,17.73,12224114,10.202,25.4,6.704,4.393,6885.829,71.51,0.718
231,Brazil,South America,37721749,175194.534,704659,3272.712,189643431,176164186,126388587,88.08,81.82,58.7,215313504,25.04,33.5,8.552,5.06,14103.452,75.88,0.765
232,Chile,South America,5288892,269790.003,64497,3290.036,18088517,17700117,27474929,92.27,90.29,140.15,19603736,24.282,35.4,11.087,6.938,22767.037,80.18,0.851
233,Colombia,South America,6383141,123050.807,142942,2755.56,43012174,37019801,14792792,82.92,71.36,28.52,51874028,44.223,32.2,7.646,4.312,13254.949,77.29,0.767
234,Ecuador,South America,1069139,59393.305,36043,2002.277,15333873,14240587,10554926,85.18,79.11,58.64,18001002,66.939,28.1,7.104,4.458,10581.936,77.01,0.759
235,Falkland Islands,South America,1923,505919.495,NaN,NaN,2632,1775,NaN,69.24,46.7,NaN,3801,NaN,NaN,NaN,NaN,NaN,81.44,NaN
236,French Guiana,South America,98041,321901.841,413,1356.019,NaN,NaN,NaN,NaN,NaN,NaN,304568,NaN,25.3,NaN,2.897,NaN,79.95,NaN
237,Guyana,South America,73388,90745.085,1299,1606.228,495285,381984,82864,61.24,47.23,10.25,808727,3.952,26.3,5.305,2.837,7435.047,69.91,0.682
238,Paraguay,South America,735939,108533.649,19988,2947.759,3993938,3546685,2204922,58.9,52.31,32.52,6780745,17.144,26.5,6.378,3.833,8827.01,74.25,0.728
239,Peru,South America,4522474,132820.227,221727,6511.885,30546638,28702865,31778100,89.71,84.3,93.33,34049588,25.129,29.1,7.151,4.455,12236.706,76.74,0.777
240,Suriname,South America,82588,133627.594,1408,2278.148,267820,237879,48889,43.33,38.49,7.91,618046,3.612,29.6,6.933,4.229,13767.119,71.68,0.738
241,Uruguay,South America,1040506,303992.993,7635,2230.633,3010439,2903077,3122616,87.95,84.82,91.23,3422796,19.751,35.6,14.655,10.361,20551.409,77.91,0.817
242,Venezuela,South America,552695,19528.686,5856,206.913,22157232,14966671,651502,78.29,52.88,2.3,28301700,36.253,29,6.614,3.915,16745.022,72.06,0.711
